mean_fit_time,std_fit_time,mean_score_time,std_score_time,param_criterion,param_max_depth,param_min_samples_leaf,param_min_samples_split,param_n_estimators,params,split0_test_score,split1_test_score,split2_test_score,mean_test_score,std_test_score,rank_test_score
3.2862038612365723,0.05203783192189532,0.07134262720743816,0.0019601943452738713,gini,5,0.1,0.1,50,"{'criterion': 'gini', 'max_depth': 5, 'min_samples_leaf': 0.1, 'min_samples_split': 0.1, 'n_estimators': 50}",0.5148674854557207,0.5101414141414141,0.5237171717171717,0.5162420237714355,0.005626859107587516,2
5.194435516993205,0.7485428548815081,0.08790206909179688,0.015220034604559706,gini,5,0.1,0.1,100,"{'criterion': 'gini', 'max_depth': 5, 'min_samples_leaf': 0.1, 'min_samples_split': 0.1, 'n_estimators': 100}",0.517453135100194,0.5154747474747475,0.5243636363636364,0.519097172979526,0.003810532056573522,1
